[
  {
    "COUNTYNAME":"新北市",
    "population":3961374
  },
  {
    "COUNTYNAME":"高雄市",
    "population":2777461
  },
  {
    "COUNTYNAME":"臺中市",
    "population":2712948
  },
  {
    "COUNTYNAME":"臺北市",
    "population":2695649
  },
  {
    "COUNTYNAME":"桃園縣",
    "population":2054260
  },
  {
    "COUNTYNAME":"臺南市",
    "population":1883493
  },
  {
    "COUNTYNAME":"彰化縣",
    "population":1292126
  },
  {
    "COUNTYNAME":"屏東縣",
    "population":849326
  },
  {
    "COUNTYNAME":"雲林縣",
    "population":706688
  },
  {
    "COUNTYNAME":"苗栗縣",
    "population":566918
  },
  {
    "COUNTYNAME":"新竹縣",
    "population":536111
  },
  {
    "COUNTYNAME":"嘉義縣",
    "population":526028
  },
  {
    "COUNTYNAME":"南投縣",
    "population":515081
  },
  {
    "COUNTYNAME":"宜蘭縣",
    "population":458784
  },
  {
    "COUNTYNAME":"新竹市",
    "population":431029
  },
  {
    "COUNTYNAME":"基隆市",
    "population":373597
  },
  {
    "COUNTYNAME":"花蓮縣",
    "population":333531
  },
  {
    "COUNTYNAME":"嘉義市",
    "population":270885
  },
  {
    "COUNTYNAME":"臺東縣",
    "population":224931
  },
  {
    "COUNTYNAME":"金門縣",
    "population":126156
  },
  {
    "COUNTYNAME":"澎湖縣",
    "population":101482
  },
  {
    "COUNTYNAME":"連江縣",
    "population":12481
  }
]